Episode,PredictorReward,ActionReward,TotalReward,PredictorEps,ActionEps
1,145.4000000000001,-88.4,57.000000000000085,0.11242507996344034,0.11242507996344034
2,238.90000000000055,-463.4999999999991,-224.59999999999854,0.049911691230058335,0.049911691230058335
3,184.50000000000045,-535.8999999999992,-351.3999999999987,0.049911691230058335,0.049911691230058335
4,148.80000000000004,-500.1999999999992,-351.3999999999992,0.049911691230058335,0.049911691230058335
5,159.00000000000017,-504.39999999999935,-345.3999999999992,0.049911691230058335,0.049911691230058335
6,201.5000000000006,-398.89999999999895,-197.39999999999836,0.049911691230058335,0.049911691230058335
7,106.29999999999951,-568.4999999999998,-462.2000000000003,0.049911691230058335,0.049911691230058335
